{"daily_log": {"18011": {"85106.03449249268": 0, "85147.75321531296": 0, "85267.43330979347": 9000.0}}}